"W1","2021-01-04 to 2021-01-08"
"W2","2021-01-11 to 2021-01-15"
"W3","2021-01-18 to 2021-01-22"
"W4","2021-01-25 to 2021-01-29"
"W5","2021-02-01 to 2021-02-05"      
"W6","2021-02-08 to 2021-02-12"
"W7","2021-02-15 to 2021-02-19"
"W8","2021-02-22 to 2021-02-26"
"W9","2021-03-01 to 2021-03-05"       
"W10","2021-03-08 to 2021-03-12"
"W11","2021-03-15 to 2021-03-19"
"W12","2021-03-22 to 2021-03-26"
"W13","2021-03-29 to 2021-04-03"        
"W14","2021-04-06 to 2021-04-10"
#"W15","2021-04-13 to 2021-04-17"
